{"Opt1 LC weights": 2.0, "Opt1 LC Orth weights": 1.0, "Opt1 it": 333, "Opt1 Energy": 2.6224134704895597e-23, "Opt1 Time": 0.019853556120359862, "Recomp steps": 25, "Opt2 LC weights": 1.0, "Opt2 LC Orth weights": 1.0, "Opt2 Torsal weights": 1.0, "Opt2 Torsal Angle weights": 2.0, "Opt2 it": 500, "Opt2 Energy": 3.0479019777536336e-05, "Opt2 Time": 0.5935181016921998, "Angle": 25.0, "Torsal Angle": 45.0, "Gird": [20, 20]}