{"Opt1 LC weights": 1.0, "Opt1 LC Orth weights": 2.0, "Opt1 it": 100, "Opt1 Energy": 8.613688435509602e-21, "Opt1 Time": 0.02129990577697754, "Recomp steps": 25, "Opt2 LC weights": 1.0, "Opt2 LC Orth weights": 0.009999999776482582, "Opt2 Torsal weights": 1.0, "Opt2 Torsal Angle weights": 2.0, "Opt2 it": 250, "Opt2 Energy": 4.6369021910741565e-06, "Opt2 Time": 0.4347425231933594, "Angle": 10.0, "Torsal Angle": 60.0, "Gird": [20, 20]}