{"Vertices": 523, "Faces": 472, "W_proximity": 0.01, "W_proximity_c": 0.01, "W_fairness": 0.2, "W_sphere": 2, "W_supp": 0.1, "W_tor": 0.01, "Iterations": 150, "Time": 0.8648474979400634, "Energy": 1.4407150107034344e-06}