{"Opt1 LC weights": 1.0, "Opt1 LC Orth weights": 2.0, "Opt1 it": 716, "Opt1 Energy": 5.091312467691542e-23, "Opt1 Time": 0.022504245768712218, "Recomp steps": 25, "Opt2 LC weights": 1.0, "Opt2 LC Orth weights": 0.0010000000474974513, "Opt2 Torsal weights": 1.0, "Opt2 Torsal Angle weights": 2.0, "Opt2 it": 150, "Opt2 Energy": 0.00870940251168976, "Opt2 Time": 1.4190626780192057, "Angle": 25.0, "Torsal Angle": 45.0, "Gird": [20, 20], "Final LC weights": 1.0, "Final LC Orth weights": 0.0010000000474974513, "Final Torsal weights": 1.0, "Final Torsal Angle weights": 0.0, "Final it": 100, "Final Energy": [0.07173328270079271,1.9766879662475003e-06 ], "Final Time": 1.3057359609603882}