{"Vertices": 683, "Faces": 626, "W_proximity": 0.01, "W_proximity_c": 0.01, "W_fairness": 0.2, "W_sphere": 2, "W_supp": 0.1, "W_tor": 0.01, "Iterations": 150, "Time": 1.1984190432230633, "Energy": 1.8229398241348218e-06}