{"Vertices": 915, "Faces": 846, "W_proximity": 0.01, "W_proximity_c": 0.01, "W_fairness": 0.2, "W_sphere": 2, "W_supp": 0.1, "W_tor": 0.01, "Iterations": 150, "Time": 1.8281275669733683, "Energy": 1.1334017799121834e-06}