{"Vertices": 524, "Faces": 452, "W_proximity": 0.01, "W_proximity_c": 0.01, "W_fairness": 0.2, "W_sphere": 2, "W_supp": 0.1, "W_tor": 0.01, "Iterations": 150, "Time": 0.6249765857060751, "Energy": 2.536272987230058e-05}