{"Opt1 LC weights": 1.0, "Opt1 LC Orth weights": 0.5, "Opt1 it": 616, "Opt1 Energy": 5.410453616747097e-24, "Opt1 Time": 0.02222698075430734, "Recomp steps": 25, "Opt2 LC weights": 1.0, "Opt2 LC Orth weights": 0.0010000000474974513, "Opt2 Torsal weights": 1.0, "Opt2 Torsal Angle weights": 0.800000011920929, "Opt2 it": 300, "Opt2 Energy": 0.0005786643036616577, "Opt2 Time": 0.542041482925415, "Angle": 25.0, "Torsal Angle": 45.0, "Gird": [20, 20]}