{"Opt1 LC weights": 1.0, "Opt1 LC Orth weights": 2.0, "Opt1 it": 69, "Opt1 Energy": 1.6364318684586024e-20, "Opt1 Time": 0.02239654720693395, "Recomp steps": 25, "Opt2 LC weights": 1.0, "Opt2 LC Orth weights": 0.009999999776482582, "Opt2 Torsal weights": 1.0, "Opt2 Torsal Angle weights": 2.0, "Opt2 it": 250, "Opt2 Energy": 5.0334727713251356e-05, "Opt2 Time": 0.49649136447906494, "Angle": 35.0, "Torsal Angle": 45.0, "Gird": [20, 20]}