{"Opt1 LC weights": 1.0, "Opt1 LC Orth weights": 0.5, "Opt1 it": 94, "Opt1 Energy": 2.5554464324698033e-22, "Opt1 Time": 0.02134578785997756, "Recomp steps": 25, "Opt2 LC weights": 1.0, "Opt2 LC Orth weights": 0.009999999776482582, "Opt2 Torsal weights": 1.0, "Opt2 Torsal Angle weights": 0.5, "Opt2 it": 250, "Opt2 Energy": 5.554088698732402e-05, "Opt2 Time": 0.55224684715271, "Angle": 20.0, "Torsal Angle": 50.0, "Gird": [20, 20]}