{"Vertices": 479, "Faces": 429, "W_proximity": 0.01, "W_proximity_c": 0.01, "W_fairness": 0.2, "W_sphere": 2, "W_supp": 0.1, "W_tor": 0.01, "Iterations": 150, "Time": 0.8718504937489827, "Energy": 1.458568504676345e-06}