{"Opt1 LC weights": 1.0, "Opt1 LC Orth weights": 0.5, "Opt1 it": 80, "Opt1 Energy": 2.864430792575528e-21, "Opt1 Time": 0.023156753182411192, "Recomp steps": 25, "Opt2 LC weights": 1.0, "Opt2 LC Orth weights": 0.0010000000474974513, "Opt2 Torsal weights": 1.0, "Opt2 Torsal Angle weights": 0.5, "Opt2 it": 250, "Opt2 Energy": 6.566358169750311e-06, "Opt2 Time": 1.0820172100067138, "Angle": 25.0, "Torsal Angle": 45.0, "Gird": [20, 20]}