{"Opt1 LC weights": 1.0, "Opt1 LC Orth weights": 2.0, "Opt1 it": 71, "Opt1 Energy": 2.8493318439709306e-22, "Opt1 Time": 0.023561541463287785, "Recomp steps": 25, "Opt2 LC weights": 1.0, "Opt2 LC Orth weights": 0.009999999776482582, "Opt2 Torsal weights": 1.0, "Opt2 Torsal Angle weights": 0.5, "Opt2 it": 250, "Opt2 Energy": 1.0686152147839231e-05, "Opt2 Time": 0.742133864402771, "Angle": 15.0, "Torsal Angle": 45.0, "Gird": [20, 20]}