{"Opt1 LC weights": 1.0, "Opt1 LC Orth weights": 0.5, "Opt1 it": 221, "Opt1 Energy": 1.065549552191941e-21, "Opt1 Time": 0.024628823698915506, "Recomp steps": 25, "Opt2 LC weights": 1.0, "Opt2 LC Orth weights": 0.0010000000474974513, "Opt2 Torsal weights": 1.0, "Opt2 Torsal Angle weights": 0.5, "Opt2 it": 250, "Opt2 Energy": 1.949800628653308e-05, "Opt2 Time": 1.214962308883667, "Angle": 25.0, "Torsal Angle": 45.0, "Gird": [20, 20]}