{"Vertices": 584, "Faces": 531, "W_proximity": 0.01, "W_proximity_c": 0.01, "W_fairness": 0.2, "W_sphere": 2, "W_supp": 0.1, "W_tor": 0.01, "Iterations": 150, "Time": 0.9517509015401204, "Energy": 5.684059795557722e-06}