{"Vertices": 724, "Faces": 664, "W_proximity": 0.01, "W_proximity_c": 0.01, "W_fairness": 0.2, "W_sphere": 2, "W_supp": 0.1, "W_tor": 0.01, "Iterations": 150, "Time": 7.650140840212504, "Energy": 7.069925334969473e-07}