{"Opt1 LC weights": 1.0, "Opt1 LC Orth weights": 2.0, "Opt1 it": 72, "Opt1 Energy": 1.6582363705451157e-22, "Opt1 Time": 0.02332297298643324, "Recomp steps": 25, "Opt2 LC weights": 1.0, "Opt2 LC Orth weights": 0.009999999776482582, "Opt2 Torsal weights": 1.0, "Opt2 Torsal Angle weights": 0.800000011920929, "Opt2 it": 250, "Opt2 Energy": 4.7047823924837995e-05, "Opt2 Time": 0.7092599506378174, "Angle": 15.0, "Torsal Angle": 50.0, "Gird": [20, 20]}