{"Vertices": 364, "Faces": 316, "W_proximity": 0.01, "W_proximity_c": 0.01, "W_fairness": 0.2, "W_sphere": 2, "W_supp": 0.1, "W_tor": 0.01, "Iterations": 150, "Time": 0.7390373865763347, "Energy": 1.3392284240326125e-06}