{"Opt1 LC weights": 1.0, "Opt1 LC Orth weights": 2.0, "Opt1 it": 175, "Opt1 Energy": 1.3333710339398174e-19, "Opt1 Time": 0.1212908513205392, "Recomp steps": 25, "Opt2 LC weights": 1.0, "Opt2 LC Orth weights": 0.009999999776482582, "Opt2 Torsal weights": 1.0, "Opt2 Torsal Angle weights": 0.5, "Opt2 it": 200, "Opt2 Energy": 8.457211442651884e-05, "Opt2 Time": 0.8728227186203003, "Angle": 25.0, "Torsal Angle": 45.0, "Gird": [20, 20], "Final LC weights": 1.0, "Final LC Orth weights": 0.009999999776482582, "Final Torsal weights": 1.0, "Final Torsal Angle weights": 0.0, "Final it": 100, "Final Energy":[4.124165004997124e-05,0.0029900076876847887], "Final Time": 0.8655066577593485}