{"Opt1 LC weights": 1.0, 
"Opt1 LC Orth weights": 2.0, 
"Opt1 it": 19, 
"Opt1 Energy": 0.011533985784786288, 
"Opt1 Time": 0.029613156067697627, 
"Opt2 LC weights": 1.0, 
"Opt2 LC Orth weights": 0.10000000149011612, 
"Opt2 Torsal weights": 1.0, 
"Opt2 Torsal Angle weights": 2.0, 
"Opt2 it": 20, 
"Opt2 Energy": 1.7389895462779301e-06,
"Opt2 Time": 1.4693819999694824, 
"Angle": 10.0,
"Torsal Angle": 45.0, 
"Gird": [25, 25], 
"Final LC weights": 1.0, 
"Final LC Orth weights": 0.10000000149011612, 
"Final Torsal weights": 1.0, 
"Final Torsal Angle weights": 0.0, 
"Final it": 20, 
"Final Energy": 6.124647215316296e-08,
 "Final Time": 1.4207061111927033}