{"Recomp steps": 25, "Opt2 LC weights": 1.0, "Opt2 LC Orth weights": 0.0, "Opt2 Torsal weights": 1.0, "Opt2 Torsal Angle weights": 0.5, "Opt2 it": 150, "Opt2 Energy": 0.00011945619550741705, "Opt2 Time": 0.7222365442911783, "Angle": 25.0, "Torsal Angle": 45.0, "Gird": [20, 20]}