{"Vertices": 547, "Faces": 498, "W_proximity": 0.009999999776482582, "W_proximity_c": 0.009999999776482582, "W_fairness": 0.20000000298023224, "W_sphere": 2.0, "W_supp": 0.5, "W_tor": 0.009999999776482582, "Iterations": 100, "Time": 0.9557926321029663, "Energy": 2.477540587274599e-05}