{"Opt1 LC weights": 1.0, "Opt1 LC Orth weights": 2.0, "Opt1 it": 154, "Opt1 Energy": 5.504838025990277e-23, "Opt1 Time": 0.10775199184170017, "Recomp steps": 25, "Opt2 LC weights": 1.0, "Opt2 LC Orth weights": 0.009999999776482582, "Opt2 Torsal weights": 1.0, "Opt2 Torsal Angle weights": 2.0, "Opt2 it": 150, "Opt2 Energy": 3.1809826418896396e-05, "Opt2 Time": 0.722188515663147, "Angle": 10.0, "Torsal Angle": 45.0, "Gird": [20, 20], "Final LC weights": 1.0, "Final LC Orth weights": 0.009999999776482582, "Final Torsal weights": 1.0, "Final Torsal Angle weights": 0.0, "Final it": 50, "Final Energy": 0.009014816956955704, "Final Time": 0.7102015316486359}