{"Opt1 LC weights": 1.0, "Opt1 LC Orth weights": 1.0, "Opt1 it": 499, "Opt1 Energy": 2.196549024544682e-08, "Opt1 Time": 0.12167973891049923, "Recomp steps": 25, "Opt2 LC weights": 1.0, "Opt2 LC Orth weights": 0.009999999776482582, "Opt2 Torsal weights": 1.0, "Opt2 Torsal Angle weights": 0.0, "Opt2 it": 200, "Opt2 Energy": 37.83267831713415, "Opt2 Time": 0.7780348908901215, "Angle": 35.0, "Torsal Angle": 45.0, "Gird": [20, 20], "Final LC weights": 1.0, "Final LC Orth weights": 0.009999999776482582, "Final Torsal weights": 1.0, "Final Torsal Angle weights": 0.0, "Final it": 50, "Final Energy": 6.56295958907303e-05, "Final Time": 0.7742446508407593}