{"Opt1 LC weights": 1.0, "Opt1 LC Orth weights": 2.0, "Opt1 it": 154, "Opt1 Energy": 5.504838025990277e-23, "Opt1 Time": 0.10939774884806051, "Recomp steps": 25, "Opt2 LC weights": 1.0, "Opt2 LC Orth weights": 0.009999999776482582, "Opt2 Torsal weights": 1.0, "Opt2 Torsal Angle weights": 2.0, "Opt2 it": 200, "Opt2 Energy": 3.056406090729642e-05, "Opt2 Time": 0.7832224476337433, "Angle": 10.0, "Torsal Angle": 45.0, "Gird": [20, 20]}