{"Vertices": 887, 
"Faces": 887, 
"W_proximity": 0.20000000298023224, 
"W_proximity_c": 0.10000000149011612, 
"W_fairness": 0.20000000298023224, 
"W_sphere": 1.0, 
"W_supp": 0.5, 
"W_tor": 0.009999999776482582,
"Iterations": 10, 
"Time": 1.0611877679824828, 
"Energy": 1.5643793667541718e-06}