{"Vertices": 438, "Faces": 376, "W_proximity": 0.01, "W_proximity_c": 0.01, "W_fairness": 0.2, "W_sphere": 2, "W_supp": 0.1, "W_tor": 0.01, "Iterations": 150, "Time": 0.6942193953196207, "Energy": 3.3844035512630613e-06}