{"Vertices": 873, "Faces": 794, "W_proximity": 0.009999999776482582, "W_proximity_c": 0.0010000000474974513, "W_fairness": 0.10000000149011612, "W_sphere": 5.0, "W_supp": 0.009999999776482582, "W_tor": 0.0010000000474974513, "Iterations": 100, "Time": 1.0915418887138366, "Energy": 1.61851031046487e-05}