{"Opt1 LC weights": 1.0, "Opt1 LC Orth weights": 2.0, "Opt1 it": 810, "Opt1 Energy": 4.7139324471487315e-23, "Opt1 Time": 0.29173479227372157, "Recomp steps": 25, "Opt2 LC weights": 1.0, "Opt2 LC Orth weights": 0.009999999776482582, "Opt2 Torsal weights": 1.0, "Opt2 Torsal Angle weights": 0.5, "Opt2 it": 250, "Opt2 Energy": 3.010085922466861e-06, "Opt2 Time": 0.8805852699279785, "Angle": 15.0, "Torsal Angle": 45.0, "Gird": [20, 20]}