{"Vertices": 630, "Faces": 579, "W_proximity": 0.10000000149011612, "W_proximity_c": 0.009999999776482582, "W_fairness": 0.20000000298023224, "W_sphere": 5.0, "W_supp": 0.5, "W_tor": 0.009999999776482582, "Iterations": 100, "Time": 1.0956160807609558, "Energy": 1.2033859456272843e-05}