{"Opt1 LC weights": 1.0, "Opt1 LC Orth weights": 2.0, "Opt1 it": 143, "Opt1 Energy": 2.7405680529877494e-20, "Opt1 Time": 0.14523538842901484, "Recomp steps": 25, "Opt2 LC weights": 1.0, "Opt2 LC Orth weights": 0.009999999776482582, "Opt2 Torsal weights": 1.0, "Opt2 Torsal Angle weights": 2.0, "Opt2 it": 350, "Opt2 Energy": 2.545309390157417e-05, "Opt2 Time": 0.706179929460798, "Angle": 25.0, "Torsal Angle": 45.0, "Gird": [20, 20]}