{"Vertices": 277, "Faces": 233, "W_proximity": 0.20000000298023224, "W_proximity_c": 0.10000000149011612, "W_fairness": 0.20000000298023224, "W_sphere": 1.0, "W_supp": 0.5, "W_tor": 0.009999999776482582, "Iterations": 100, "Time": 0.4700354671478271, "Energy": 3.8595242839619526e-05}