{"Opt1 LC weights": 1.0, "Opt1 LC Orth weights": 2.0, "Opt1 it": 595, "Opt1 Energy": 1.490984342601825e-22, "Opt1 Time": 0.3216797800625072, "Recomp steps": 25, "Opt2 LC weights": 1.0, "Opt2 LC Orth weights": 0.009999999776482582, "Opt2 Torsal weights": 1.0, "Opt2 Torsal Angle weights": 0.5, "Opt2 it": 200, "Opt2 Energy": 1.3268283294545079e-05, "Opt2 Time": 0.8478056752681732, "Angle": 20.0, "Torsal Angle": 45.0, "Gird": [20, 20], "Final LC weights": 1.0, "Final LC Orth weights": 0.009999999776482582, "Final Torsal weights": 1.0, "Final Torsal Angle weights": 0.5, "Final it": 100, "Final Energy": 1.517239083489336e-05, "Final Time": 0.8430805635452271}