{"Vertices": 385, "Faces": 328, "W_proximity": 0.01, "W_proximity_c": 0.01, "W_fairness": 0.2, "W_sphere": 2, "W_supp": 0.1, "W_tor": 0.01, "Iterations": 150, "Time": 0.5099764156341553, "Energy": 1.373427474910742e-06}