{"Opt1 LC weights": 1.0, "Opt1 LC Orth weights": 2.0, "Opt1 it": 46, "Opt1 Energy": 5.463612708088646e-19, "Opt1 Time": 0.03052780420883842, "Recomp steps": 25, "Opt2 LC weights": 1.0, "Opt2 LC Orth weights": 0.009999999776482582, "Opt2 Torsal weights": 1.0, "Opt2 Torsal Angle weights": 2.0, "Opt2 it": 200, "Opt2 Energy": 4.2014184849301904e-08, "Opt2 Time": 1.754544242620468, "Angle": 25.0, "Torsal Angle": 45.0, "Gird": [25, 25]}