{"Opt1 LC weights": 1.0, "Opt1 LC Orth weights": 0.5, "Opt1 it": 58, "Opt1 Energy": 2.5739814642966197e-20, "Opt1 Time": 0.01967111949262948, "Recomp steps": 25, "Opt2 LC weights": 1.0, "Opt2 LC Orth weights": 0.009999999776482582, "Opt2 Torsal weights": 1.0, "Opt2 Torsal Angle weights": 2.0, "Opt2 it": 250, "Opt2 Energy": 4.871609363963674e-06, "Opt2 Time": 0.6083066272735596, "Angle": 25.0, "Torsal Angle": 45.0, "Gird": [20, 20]}