{"Vertices": 208, "Faces": 165, "W_proximity": 0.5, "W_proximity_c": 0.10000000149011612, "W_fairness": 0.009999999776482582, "W_sphere": 1.0, "W_supp": 0.5, "W_tor": 0.009999999776482582, "Iterations": 100, "Time": 0.3963091206550598, "Energy": 1.802817012961117e-06}