{"Vertices": 348, "Faces": 296, "W_proximity": 0.01, "W_proximity_c": 0.01, "W_fairness": 0.2, "W_sphere": 2, "W_supp": 0.1, "W_tor": 0.01, "Iterations": 150, "Time": 0.48623878161112466, "Energy": 1.4530972230010282e-06}