{"Opt1 LC weights": 1.0, "Opt1 LC Orth weights": 0.5, "Opt1 it": 45, "Opt1 Energy": 4.731132528425964e-19, "Opt1 Time": 0.021574587292141383, "Recomp steps": 25, "Opt2 LC weights": 1.0, "Opt2 LC Orth weights": 0.009999999776482582, "Opt2 Torsal weights": 1.0, "Opt2 Torsal Angle weights": 2.0, "Opt2 it": 250, "Opt2 Energy": 1.7338541515356705e-06, "Opt2 Time": 0.6875647506713867, "Angle": 30.0, "Torsal Angle": 45.0, "Gird": [20, 20]}