{"Vertices": 424, "Faces": 369, "W_proximity": 0.01, "W_proximity_c": 0.01, "W_fairness": 0.2, "W_sphere": 2, "W_supp": 0.1, "W_tor": 0.01, "Iterations": 150, "Time": 0.5031921656926474, "Energy": 7.391736594625145e-07}