{"Opt1 LC weights": 1.0, "Opt1 LC Orth weights": 0.5, "Opt1 it": 46, "Opt1 Energy": 1.6166679325800853e-19, "Opt1 Time": 0.022694079772285793, "Recomp steps": 25, "Opt2 LC weights": 1.0, "Opt2 LC Orth weights": 0.009999999776482582, "Opt2 Torsal weights": 1.0, "Opt2 Torsal Angle weights": 2.0, "Opt2 it": 250, "Opt2 Energy": 1.8108394011801274e-07, "Opt2 Time": 0.5960463886260986, "Angle": 20.0, "Torsal Angle": 45.0, "Gird": [20, 20]}