{"Vertices": 589, "Faces": 526, "W_proximity": 0.01, "W_proximity_c": 0.01, "W_fairness": 0.2, "W_sphere": 2, "W_supp": 0.1, "W_tor": 0.01, "Iterations": 200, "Time": 0.4638968467712402, "Energy": 1.2375804390438697e-05}