{"Vertices": 589, "Faces": 526, "W_proximity": 0.01, "W_proximity_c": 0.01, "W_fairness": 0.2, "W_sphere": 2, "W_supp": 0.1, "W_tor": 0.01, "Iterations": 150, "Time": 0.8994497776031494, "Energy": 1.069049758009755e-06}