{
    "knotsU": [
        0.0, 
        0.0, 
        0.0, 
        0.0, 
        0.0, 
        20.646035279270016, 
        20.646035279270016, 
        20.646035279270016, 
        20.646035279270016, 
        20.646035279270016
    ], 
    "degreeU": 5, 
    "degreeV": 5, 
    "controlPoints": [
        [
            [
                -10.020547945205481, 
                6.9582041243449027, 
                9.7263640832377547, 
                1.0
            ]
        ], 
        [
            [
                -4.0835616438356084, 
                -0.26103182558464333, 
                0.0, 
                1.0
            ]
        ], 
        [
            [
                1.8534246575342357, 
                10.050684931506893, 
                0.0, 
                1.0
            ]
        ], 
        [
            [
                7.7904109589041246, 
                10.141095890410933, 
                0.0, 
                1.0
            ]
        ], 
        [
            [
                13.727397260273966, 
                10.231506849315080, 
                0.0, 
                1.0
            ]
        ], 
        [
            [
                14.561014507851260, 
                9.7195737878559996, 
                5.2798084185783569, 
                1.0
            ]
        ], 
        [
            [
                -10.080821917808194, 
                5.7410958904109419, 
                0.0, 
                1.0
            ]
        ], 
        [
            [
                -4.1197260273972862, 
                5.8345205479452087, 
                0.0, 
                1.0
            ]
        ], 
        [
            [
                1.8413698630138153, 
                5.9279452054794106, 
                0.0, 
                1.0
            ]
        ], 
        [
            [
                7.8024657534244657, 
                6.0213698630136951, 
                -12.441552350439734, 
                1.0
            ]
        ], 
        [
            [
                13.763561643835718, 
                8.114049877221305, 
                0.0, 
                1.0
            ]
        ], 
        [
            [
                19.724657534246539, 
                6.2082191780821789, 
                0.0, 
                1.0
            ]
        ], 
        [
            [
                -10.141095890411004, 
                1.6123287671233206, 
                0.0, 
                1.0
            ]
        ], 
        [
            [
                -4.1558904109588575, 
                11.397773952788384, 
                -23.075488924770745, 
                1.0
            ]
        ], 
        [
            [
                1.8293150684930426, 
                -2.1095890410958891, 
                -21.811744492409190, 
                1.0
            ]
        ], 
        [
            [
                7.8145205479453965, 
                1.9016438356164278, 
                6.3829264296247779, 
                1.0
            ]
        ], 
        [
            [
                26.758630136986163, 
                1.9980821917808314, 
                5.6990414550221242, 
                1.0
            ]
        ], 
        [
            [
                32.969863013698671, 
                2.0945205479452338, 
                0.0, 
                1.0
            ]
        ], 
        [
            [
                -10.201369863013657, 
                -2.5164383561644192, 
                0.0, 
                1.0
            ]
        ], 
        [
            [
                -4.1920547945205477, 
                -2.4169863013697981, 
                0.0, 
                1.0
            ]
        ], 
        [
            [
                1.8172602739725869, 
                -3.875348189415039, 
                9.2234250102048936, 
                1.0
            ]
        ], 
        [
            [
                7.8265753424657323, 
                12.449728262752473, 
                0.0, 
                1.0
            ]
        ], 
        [
            [
                33.876986301369918, 
                -1.8172602739726262, 
                -9.7519808404479562, 
                1.0
            ]
        ], 
        [
            [
                19.291233862853957, 
                -1.717808219178109, 
                14.285597247255465, 
                1.0
            ]
        ], 
        [
            [
                -10.261643835616459, 
                -6.6452054794520379, 
                0.0, 
                1.0
            ]
        ], 
        [
            [
                -4.2282191780822123, 
                -6.5427397260274276, 
                7.4447185940386422, 
                1.0
            ]
        ], 
        [
            [
                2.017546940209896, 
                -10.092492154330683, 
                -5.4008649039860757, 
                1.0
            ]
        ], 
        [
            [
                7.8386301369861995, 
                5.5936138527301509, 
                -18.540881533671971, 
                1.0
            ]
        ], 
        [
            [
                25.743440128910894, 
                -6.2353424657534147, 
                5.6990414550221242, 
                1.0
            ]
        ], 
        [
            [
                27.795202223162228, 
                -7.9130473264055254, 
                0.0, 
                1.0
            ]
        ], 
        [
            [
                -10.321917808219181, 
                -10.291031784934614, 
                9.65279447042826, 
                1.0
            ]
        ], 
        [
            [
                -4.2643835616438306, 
                -10.668493150684908, 
                0.0, 
                1.0
            ]
        ], 
        [
            [
                1.7931506849315015, 
                -10.563013698630186, 
                0.0, 
                1.0
            ]
        ], 
        [
            [
                7.8506849315068488, 
                -10.457534246575319, 
                0.0, 
                1.0
            ]
        ], 
        [
            [
                13.908219178082199, 
                -10.352054794520560, 
                0.0, 
                1.0
            ]
        ], 
        [
            [
                19.965753424657539, 
                -10.246575342465759, 
                14.280359921958452, 
                1.0
            ]
        ]
    ], 
    "knotsV": [
        0.0, 
        0.0, 
        0.0, 
        0.0, 
        0.0, 
        30.292262652053122, 
        30.292262652053122, 
        30.292262652053122, 
        30.292262652053122, 
        30.292262652053122
    ]
}