{
    "degreeU": 5, 
    "degreeV": 5, 
    "knotsU": [
        0.0, 
        0.0, 
        0.0, 
        0.0, 
        0.0, 
        48.0, 
        48.0, 
        48.0, 
        48.0, 
        48.0
    ], 
    "knotsV": [
        0.0, 
        0.0, 
        0.0, 
        0.0, 
        0.0, 
        50.0, 
        50.0, 
        50.0, 
        50.0, 
        50.0
    ], 
    "controlPoints": [
        [
            [
                -11.929894682372430, 
                -3.4980081136358656, 
                29.221587255702335, 
                1.0
            ]
        ], 
        [
            [
                -10.285496446462458, 
                1.7888657619754360, 
                24.467434529270147, 
                1.0
            ]
        ], 
        [
            [
                -11.929894682372469, 
                7.9518665155635384, 
                55.690529972265402, 
                1.0
            ]
        ], 
        [
            [
                -11.929894682372399, 
                10.643449814142510, 
                -1.2917925712510279, 
                1.0
            ]
        ], 
        [
            [
                -11.929894682372442, 
                12.315124230769474, 
                39.241358552436473, 
                1.0
            ]
        ], 
        [
            [
                -11.929894682372430, 
                17.172002095829505, 
                26.410646253990173, 
                1.0
            ]
        ], 
        [
            [
                -6.7937862531143125, 
                -3.4980081136358532, 
                31.023638203627087, 
                1.0
            ]
        ], 
        [
            [
                -6.7937862531142708, 
                1.7306994530623776, 
                36.248998519493171, 
                1.0
            ]
        ], 
        [
            [
                -7.8602200645081002, 
                1.2915757181374035, 
                35.865133557205688, 
                1.0
            ]
        ], 
        [
            [
                -2.7568552771047852, 
                10.643449814142468, 
                44.974451133904793, 
                1.0
            ]
        ], 
        [
            [
                -6.7937862531143107, 
                12.315124230769477, 
                37.946366056186022, 
                1.0
            ]
        ], 
        [
            [
                -6.7937862531143125, 
                16.091032982254511, 
                29.223906300109316, 
                1.0
            ]
        ], 
        [
            [
                -6.7646109402433741, 
                -3.4980081136358807, 
                34.381927821117841, 
                1.0
            ]
        ], 
        [
            [
                -6.7646109402433936, 
                1.7306994530624182, 
                53.908272365282322, 
                1.0
            ]
        ], 
        [
            [
                -6.7646109402433261, 
                1.2915757181373149, 
                -36.062826859823602, 
                1.0
            ]
        ], 
        [
            [
                -7.6411133285330202, 
                10.643449814142627, 
                95.499907004990320, 
                1.0
            ]
        ], 
        [
            [
                -6.7646109402433741, 
                12.315124230769378, 
                7.362254165012736, 
                1.0
            ]
        ], 
        [
            [
                -6.7646109402433741, 
                16.091032982254610, 
                28.559019379033622, 
                1.0
            ]
        ], 
        [
            [
                0.7566124604375748, 
                -3.4980081136358558, 
                30.761594404301366, 
                1.0
            ]
        ], 
        [
            [
                0.75661246043757702, 
                1.7306994530623387, 
                -8.8663299928761088, 
                1.0
            ]
        ], 
        [
            [
                0.7566124604375406, 
                1.2915757181375411, 
                128.25751481456854, 
                1.0
            ]
        ], 
        [
            [
                0.75661246043760144, 
                10.643449814142260, 
                -33.815283299705889, 
                1.0
            ]
        ], 
        [
            [
                0.75661246043755526, 
                12.315124230769671, 
                58.544516694804010, 
                1.0
            ]
        ], 
        [
            [
                0.7566124604375748, 
                16.091032982254504, 
                30.425982285873960, 
                1.0
            ]
        ], 
        [
            [
                3.8769907530231107, 
                -3.4980081136358683, 
                26.595608689463045, 
                1.0
            ]
        ], 
        [
            [
                3.8769907530231045, 
                1.7306994530624085, 
                54.560540035126394, 
                1.0
            ]
        ], 
        [
            [
                3.8769907530231418, 
                1.2915757181373291, 
                2.2150396924827707, 
                1.0
            ]
        ], 
        [
            [
                3.8769907530230858, 
                10.643449814142592, 
                56.587821003241849, 
                1.0
            ]
        ], 
        [
            [
                3.8769907530231311, 
                12.315124230769390, 
                23.215765890229893, 
                1.0
            ]
        ], 
        [
            [
                3.8769907530231107, 
                16.091032982254568, 
                28.258232601718021, 
                1.0
            ]
        ], 
        [
            [
                7.2070916189974401, 
                -3.4980081136358656, 
                27.350039015948777, 
                1.0
            ]
        ], 
        [
            [
                7.2070916189974259, 
                1.7306994530623934, 
                35.691658161031427, 
                1.0
            ]
        ], 
        [
            [
                7.2070916189974579, 
                1.2915757181373788, 
                29.790808639025517, 
                1.0
            ]
        ], 
        [
            [
                7.2070916189974294, 
                10.643449814142510, 
                30.162644979129915, 
                1.0
            ]
        ], 
        [
            [
                7.2070916189974383, 
                12.315124230769474, 
                29.791498634090466, 
                1.0
            ]
        ], 
        [
            [
                0.46466340822262708, 
                16.091032982254553, 
                24.376794272083938, 
                1.0
            ]
        ]
    ]
}