{
    "knotsV": [
        0.0, 
        0.0, 
        0.0, 
        0.0, 
        0.0, 
        50.0, 
        50.0, 
        50.0, 
        50.0, 
        50.0
    ], 
    "degreeV": 5, 
    "knotsU": [
        0.0, 
        0.0, 
        0.0, 
        0.0, 
        0.0, 
        48.0, 
        48.0, 
        48.0, 
        48.0, 
        48.0
    ], 
    "controlPoints": [
        [
            [
                -10.246575342465757, 
                -4.3698630136986303, 
                29.221587255702335, 
                1.0
            ]
        ], 
        [
            [
                -8.6021771065557857, 
                0.91701086191267134, 
                24.467434529270147, 
                1.0
            ]
        ], 
        [
            [
                -10.246575342465796, 
                7.0800116155007737, 
                55.690529972265402, 
                1.0
            ]
        ], 
        [
            [
                -10.246575342465727, 
                9.7715949140797456, 
                -1.2917925712510279, 
                1.0
            ]
        ], 
        [
            [
                -10.246575342465770, 
                11.443269330706709, 
                39.241358552436473, 
                1.0
            ]
        ], 
        [
            [
                -10.246575342465757, 
                16.300147195766741, 
                26.410646253990173, 
                1.0
            ]
        ], 
        [
            [
                -5.1104669132076399, 
                -4.3698630136986178, 
                31.023638203627087, 
                1.0
            ]
        ], 
        [
            [
                -5.1104669132075982, 
                0.85884455299961293, 
                36.248998519493171, 
                1.0
            ]
        ], 
        [
            [
                -6.1769007246014276, 
                0.41972081807463879, 
                35.865133557205688, 
                1.0
            ]
        ], 
        [
            [
                -1.0735359371981126, 
                9.7715949140797029, 
                44.974451133904793, 
                1.0
            ]
        ], 
        [
            [
                -5.1104669132076381, 
                11.443269330706713, 
                37.946366056186022, 
                1.0
            ]
        ], 
        [
            [
                -5.1104669132076399, 
                15.219178082191746, 
                29.223906300109316, 
                1.0
            ]
        ], 
        [
            [
                -5.0812916003367015, 
                -4.3698630136986454, 
                34.381927821117841, 
                1.0
            ]
        ], 
        [
            [
                -5.081291600336721, 
                0.85884455299965357, 
                53.908272365282322, 
                1.0
            ]
        ], 
        [
            [
                -5.0812916003366535, 
                0.41972081807455019, 
                -36.062826859823602, 
                1.0
            ]
        ], 
        [
            [
                -5.9577939886263476, 
                9.7715949140798628, 
                95.499907004990320, 
                1.0
            ]
        ], 
        [
            [
                -5.0812916003367015, 
                11.443269330706613, 
                7.362254165012736, 
                1.0
            ]
        ], 
        [
            [
                -5.0812916003367015, 
                15.219178082191847, 
                28.559019379033622, 
                1.0
            ]
        ], 
        [
            [
                2.4399318003442474, 
                -4.3698630136986205, 
                30.761594404301366, 
                1.0
            ]
        ], 
        [
            [
                2.4399318003442496, 
                0.85884455299957396, 
                -8.8663299928761088, 
                1.0
            ]
        ], 
        [
            [
                2.4399318003442132, 
                0.41972081807477646, 
                128.25751481456854, 
                1.0
            ]
        ], 
        [
            [
                2.4399318003442740, 
                9.7715949140794951, 
                -33.815283299705889, 
                1.0
            ]
        ], 
        [
            [
                2.4399318003442279, 
                11.443269330706906, 
                58.544516694804010, 
                1.0
            ]
        ], 
        [
            [
                2.4399318003442474, 
                15.219178082191739, 
                30.425982285873960, 
                1.0
            ]
        ], 
        [
            [
                5.5603100929297833, 
                -4.3698630136986329, 
                26.595608689463045, 
                1.0
            ]
        ], 
        [
            [
                5.5603100929297771, 
                0.85884455299964368, 
                54.560540035126394, 
                1.0
            ]
        ], 
        [
            [
                5.5603100929298144, 
                0.41972081807456429, 
                2.2150396924827707, 
                1.0
            ]
        ], 
        [
            [
                5.5603100929297584, 
                9.7715949140798273, 
                56.587821003241849, 
                1.0
            ]
        ], 
        [
            [
                5.5603100929298037, 
                11.443269330706626, 
                23.215765890229893, 
                1.0
            ]
        ], 
        [
            [
                5.5603100929297833, 
                15.219178082191803, 
                28.258232601718021, 
                1.0
            ]
        ], 
        [
            [
                8.8904109589041127, 
                -4.3698630136986303, 
                27.350039015948777, 
                1.0
            ]
        ], 
        [
            [
                8.8904109589040985, 
                0.8588445529996287, 
                35.691658161031427, 
                1.0
            ]
        ], 
        [
            [
                8.8904109589041305, 
                0.41972081807461409, 
                29.790808639025517, 
                1.0
            ]
        ], 
        [
            [
                8.8904109589041020, 
                9.7715949140797456, 
                30.162644979129915, 
                1.0
            ]
        ], 
        [
            [
                8.8904109589041109, 
                11.443269330706709, 
                29.791498634090466, 
                1.0
            ]
        ], 
        [
            [
                2.1479827481292997, 
                15.219178082191787, 
                24.376794272083938, 
                1.0
            ]
        ]
    ], 
    "degreeU": 5
}