{
    "knotsU": [
        0.0, 
        0.0, 
        0.0, 
        1.0, 
        2.0, 
        2.0, 
        2.0
    ], 
    "degreeV": 3, 
    "degreeU": 3, 
    "knotsV": [
        0.0, 
        0.0, 
        0.0, 
        1.0, 
        2.0, 
        2.0, 
        2.0
    ], 
    "controlPoints": [
        [
            [
                250.03468731834940, 
                20.464178132917528, 
                127.86477164785015, 
                1.0
            ]
        ], 
        [
            [
                166.77614046588181, 
                -32.015832953441986, 
                127.86477164785015, 
                1.0
            ]
        ], 
        [
            [
                -9.3180366189703534, 
                -86.484090994852991, 
                127.86477164785015, 
                1.0
            ]
        ], 
        [
            [
                -172.27784960944527, 
                -32.484163754287678, 
                127.86477164785015, 
                1.0
            ]
        ], 
        [
            [
                -249.99999999999929, 
                0.0, 
                127.86477164785015, 
                1.0
            ]
        ], 
        [
            [
                250.03468731834781, 
                -52.498195605981309, 
                219.99650171107396, 
                1.0
            ]
        ], 
        [
            [
                166.77614046588022, 
                -77.064048417867284, 
                219.99650171107396, 
                1.0
            ]
        ], 
        [
            [
                -9.3180366189719450, 
                -131.52095090050474, 
                219.99650171107317, 
                1.0
            ]
        ], 
        [
            [
                -172.27784960944527, 
                -73.151376037500583, 
                219.99650171107396, 
                1.0
            ]
        ], 
        [
            [
                -249.99999999999929, 
                -37.754522655808763, 
                219.99650171107396, 
                1.0
            ]
        ], 
        [
            [
                250.03468731835076, 
                -125.00692023878864, 
                421.56761454792706, 
                1.0
            ]
        ], 
        [
            [
                166.77614046588636, 
                -153.11974541403308, 
                421.56761454792706, 
                1.0
            ]
        ], 
        [
            [
                -9.3180366189703534, 
                -191.21295664362924, 
                421.56761454792706, 
                1.0
            ]
        ], 
        [
            [
                -172.27784960944527, 
                -122.67926176275380, 
                421.56761454792706, 
                1.0
            ]
        ], 
        [
            [
                -249.99999999999775, 
                -91.394697490544871, 
                421.56761454792706, 
                1.0
            ]
        ], 
        [
            [
                250.03468731834940, 
                -154.56898457981592, 
                627.01828189384980, 
                1.0
            ]
        ], 
        [
            [
                166.77614046588022, 
                -219.72441859647807, 
                627.01828189384901, 
                1.0
            ]
        ], 
        [
            [
                -9.3180366189689892, 
                -210.42653872828103, 
                627.01828189384980, 
                1.0
            ]
        ], 
        [
            [
                -172.27784960944680, 
                -148.35049346401189, 
                627.01828189384901, 
                1.0
            ]
        ], 
        [
            [
                -249.99999999999929, 
                0.61608910226299063, 
                627.01828189384980, 
                1.0
            ]
        ], 
        [
            [
                250.03468731834940, 
                -151.31574087044419, 
                727.83586385016702, 
                1.0
            ]
        ], 
        [
            [
                166.77614046588181, 
                -157.11253107574157, 
                727.83586385016702, 
                1.0
            ]
        ], 
        [
            [
                2.7319364544275118, 
                -152.71026443624640, 
                819.03917695341045, 
                1.0
            ]
        ], 
        [
            [
                -172.27784960944527, 
                -14.972944957747304, 
                727.83586385016702, 
                1.0
            ]
        ], 
        [
            [
                -249.99999999999929, 
                79.955738168095195, 
                727.83586385016702, 
                1.0
            ]
        ]
    ]
}