{
    "knotsV": [
        0.0, 
        0.0, 
        0.0, 
        0.0, 
        0.0, 
        7.2000000000000002, 
        14.400000000000000, 
        21.600000000000001, 
        28.800000000000001, 
        36.0, 
        36.0, 
        36.0, 
        36.0, 
        36.0
    ], 
    "degreeU": 5, 
    "knotsU": [
        0.0, 
        0.0, 
        0.0, 
        0.0, 
        0.0, 
        6.0, 
        12.0, 
        18.0, 
        24.0, 
        30.0, 
        30.0, 
        30.0, 
        30.0, 
        30.0
    ], 
    "controlPoints": [
        [
            [
                -1.5525684211728503, 
                1.7019459598298896, 
                -0.093469261942213222, 
                1.0
            ]
        ], 
        [
            [
                -1.5893444725214101, 
                1.7874584243377012, 
                0.10702189087749125, 
                1.0
            ]
        ], 
        [
            [
                -1.7380582256960670, 
                1.6832578313136881, 
                0.34178402625285065, 
                1.0
            ]
        ], 
        [
            [
                -1.2585802589297270, 
                2.4610249821722729, 
                1.3429373007366376, 
                1.0
            ]
        ], 
        [
            [
                -2.6091287744473903, 
                1.2716455922230629, 
                1.2289476752201953, 
                1.0
            ]
        ], 
        [
            [
                -1.8532478566337578, 
                0.7209024447208271, 
                0.33157002195331514, 
                1.0
            ]
        ], 
        [
            [
                -1.2567701691845872, 
                0.42713363855297837, 
                0.15907348198105931, 
                1.0
            ]
        ], 
        [
            [
                -1.2533031036160689, 
                -0.26280166048075754, 
                -0.13588104050072897, 
                1.0
            ]
        ], 
        [
            [
                -1.4949126026908970, 
                -0.56725624250404061, 
                -0.049019045156771454, 
                1.0
            ]
        ], 
        [
            [
                -1.5550742427812589, 
                -0.74504068965259895, 
                -0.067281617557383044, 
                1.0
            ]
        ], 
        [
            [
                -1.5088064769510305, 
                1.7604931512139406, 
                -0.11110557025681099, 
                1.0
            ]
        ], 
        [
            [
                -1.4859477408311170, 
                1.8082539661590604, 
                0.10636366270101758, 
                1.0
            ]
        ], 
        [
            [
                -1.6764780951987910, 
                1.6005741408192264, 
                0.38299584576199291, 
                1.0
            ]
        ], 
        [
            [
                -1.2051600210593796, 
                2.4003575599684157, 
                1.2831701013233237, 
                1.0
            ]
        ], 
        [
            [
                -2.4648302094646248, 
                1.2251628495991937, 
                1.3940177911476732, 
                1.0
            ]
        ], 
        [
            [
                -1.9576992454749800, 
                0.54045148442506385, 
                0.47453132597665415, 
                1.0
            ]
        ], 
        [
            [
                -1.1232894099756541, 
                0.47576879252107751, 
                0.22594307376653083, 
                1.0
            ]
        ], 
        [
            [
                -1.2578850268828885, 
                -0.29656334671459023, 
                -0.045936036013169791, 
                1.0
            ]
        ], 
        [
            [
                -1.4131204718989814, 
                -0.60641734436108707, 
                0.0074482834088817626, 
                1.0
            ]
        ], 
        [
            [
                -1.4691752841127033, 
                -0.79236338501844139, 
                -0.014747639246422389, 
                1.0
            ]
        ], 
        [
            [
                -1.2696590525788582, 
                2.0774985312031058, 
                -0.0018467676285387194, 
                1.0
            ]
        ], 
        [
            [
                -1.3112951188975899, 
                1.9376421886255804, 
                0.14495765254110984, 
                1.0
            ]
        ], 
        [
            [
                -1.4845117960747267, 
                1.5089914621788854, 
                0.40284246066453494, 
                1.0
            ]
        ], 
        [
            [
                -1.1231511513857448, 
                2.2777221276962805, 
                1.2367718762330984, 
                1.0
            ]
        ], 
        [
            [
                -2.1630940362563558, 
                1.1503044253443777, 
                1.6263902262242074, 
                1.0
            ]
        ], 
        [
            [
                -1.9988486677479591, 
                0.23501524101243404, 
                0.81270229776466341, 
                1.0
            ]
        ], 
        [
            [
                -0.96724355568232712, 
                0.52628855290545762, 
                0.35859559884805076, 
                1.0
            ]
        ], 
        [
            [
                -1.1801992326669168, 
                -0.38041028735990273, 
                0.091777157506481119, 
                1.0
            ]
        ], 
        [
            [
                -1.2815429135981005, 
                -0.58146768638041357, 
                0.10508851375021352, 
                1.0
            ]
        ], 
        [
            [
                -1.2731212587878800, 
                -0.79218099046850432, 
                0.036057969643026405, 
                1.0
            ]
        ], 
        [
            [
                -1.0589190406698092, 
                1.6265926361730696, 
                -0.11945144941718344, 
                1.0
            ]
        ], 
        [
            [
                -1.0171873889465981, 
                1.7448843990130218, 
                0.13085637978594544, 
                1.0
            ]
        ], 
        [
            [
                -1.2002221457186297, 
                1.7182231052218704, 
                0.5272454361894906, 
                1.0
            ]
        ], 
        [
            [
                -1.0934582101107193, 
                1.6908285992327816, 
                1.0603863732555299, 
                1.0
            ]
        ], 
        [
            [
                -1.5977268415822716, 
                1.2720754263814475, 
                1.9406244290397383, 
                1.0
            ]
        ], 
        [
            [
                -1.8048324214468043, 
                -0.062987914331865083, 
                1.3353360922214608, 
                1.0
            ]
        ], 
        [
            [
                -0.68116670663867374, 
                0.46932954282758432, 
                0.39470275696106843, 
                1.0
            ]
        ], 
        [
            [
                -1.1751368645405507, 
                -0.37052385862754733, 
                0.41191185327611068, 
                1.0
            ]
        ], 
        [
            [
                -0.93615646338459457, 
                -0.94243114188630395, 
                0.27722902483470385, 
                1.0
            ]
        ], 
        [
            [
                -0.95458567889039103, 
                -1.0948573107200501, 
                0.10248073836582552, 
                1.0
            ]
        ], 
        [
            [
                -1.0282653060150726, 
