{
    "knotsV": [
        0.0, 
        0.0, 
        0.0, 
        0.0, 
        0.0, 
        0.0, 
        9.0, 
        18.0, 
        27.0, 
        36.0, 
        36.0, 
        36.0, 
        36.0, 
        36.0, 
        36.0
    ], 
    "degreeU": 6, 
    "knotsU": [
        0.0, 
        0.0, 
        0.0, 
        0.0, 
        0.0, 
        0.0, 
        7.5, 
        15.0, 
        22.5, 
        30.0, 
        30.0, 
        30.0, 
        30.0, 
        30.0, 
        30.0
    ], 
    "controlPoints": [
        [
            [
                -0.92279283651879429, 
                4.6582251549020839, 
                -3.0032910000354112, 
                1.0
            ]
        ], 
        [
            [
                -1.0313348802366884, 
                4.5608367651335513, 
                -2.9196281613393782, 
                1.0
            ]
        ], 
        [
            [
                -1.0398059405043152, 
                4.3493317525543196, 
                -3.0358842781905326, 
                1.0
            ]
        ], 
        [
            [
                -1.3275501201468047, 
                3.6616926291158398, 
                -2.8915482768477201, 
                1.0
            ]
        ], 
        [
            [
                0.67449766147832002, 
                4.2793333170830135, 
                -3.1191529741310728, 
                1.0
            ]
        ], 
        [
            [
                -1.124059554799266, 
                2.9251356279327765, 
                -2.4538270805593272, 
                1.0
            ]
        ], 
        [
            [
                -0.41865305830878552, 
                2.9218678724484195, 
                -2.9311825573140760, 
                1.0
            ]
        ], 
        [
            [
                -0.51441824579199968, 
                2.2762195167792556, 
                -2.9111344009148676, 
                1.0
            ]
        ], 
        [
            [
                -0.82256815557834517, 
                2.2666032677438648, 
                -2.9869914666256481, 
                1.0
            ]
        ], 
        [
            [
                -0.91957284710007192, 
                2.1897992534501247, 
                -3.0071945836460339, 
                1.0
            ]
        ], 
        [
            [
                -1.0629065903801727, 
                4.7463664385301465, 
                -3.0270169155948983, 
                1.0
            ]
        ], 
        [
            [
                -1.1781849937411073, 
                4.5571548247145879, 
                -3.0698149804544261, 
                1.0
            ]
        ], 
        [
            [
                -0.73704934906222208, 
                4.4136476184152329, 
                -3.1136974289668311, 
                1.0
            ]
        ], 
        [
            [
                -1.6391683119826514, 
                3.6887606632807981, 
                -3.1311451835958448, 
                1.0
            ]
        ], 
        [
            [
                1.2241918005811601, 
                4.1318122561753929, 
                -2.9966974421376915, 
                1.0
            ]
        ], 
        [
            [
                -1.7372036322613640, 
                3.0775547847115599, 
                -2.7009766241462625, 
                1.0
            ]
        ], 
        [
            [
                -0.18121701471168197, 
                2.8711275243971648, 
                -2.9997359277316704, 
                1.0
            ]
        ], 
        [
            [
                -0.58979979887683787, 
                2.3399193789475641, 
                -2.9685223044551341, 
                1.0
            ]
        ], 
        [
            [
                -0.76791983983231271, 
                2.2749109875356273, 
                -3.1097176364285390, 
                1.0
            ]
        ], 
        [
            [
                -0.89348333375928357, 
                2.2501250511606323, 
                -3.1549718037539005, 
                1.0
            ]
        ], 
        [
            [
                -1.2556854922001268, 
                4.5507148032455822, 
                -3.5193317815713696, 
                1.0
            ]
        ], 
        [
            [
                -1.0819890098473184, 
                4.5123845091827537, 
                -3.4779323515783092, 
                1.0
            ]
        ], 
        [
            [
                -0.70243876850483356, 
                4.3666057714135231, 
                -3.2165851428430399, 
                1.0
            ]
        ], 
        [
            [
                -1.4314222190379640, 
                3.9154744278130291, 
                -3.5467775441655958, 
                1.0
            ]
        ], 
        [
            [
                1.1205912145770456, 
                3.8019909953475834, 
                -2.8260894094810660, 
                1.0
            ]
        ], 
        [
            [
                -1.7038635019808528, 
                3.2188881503342017, 
                -3.2473340692713855, 
                1.0
            ]
        ], 
        [
            [
                -0.37848955756030855, 
                2.9486710805899468, 
                -3.1558408941489366, 
                1.0
            ]
        ], 
        [
            [
                -0.38616414345122246, 
                2.2442654975872336, 
                -3.0429555073485166, 
                1.0
            ]
        ], 
        [
            [
                -0.74154614399209484, 
                2.1960200376429393, 
                -3.3159962834786838, 
                1.0
            ]
        ], 
        [
            [
                -0.74746310795004234, 
                2.0499895118605509, 
                -3.3802794735482440, 
                1.0
            ]
        ], 
        [
            [
                -0.33789410452685331, 
                5.2115752916509868, 
                -3.4986881139590826, 
                1.0
            ]
        ], 
        [
            [
                -0.56445581845166704, 
                4.9397414700025903, 
                -3.5433529648661666, 
                1.0
            ]
        ], 
        [
            [
                -0.43439727974179815, 
                4.6084506719953779, 
                -3.6227592943211482, 
                1.0
            ]
        ], 
        [
            [
                -1.2943780935346867, 
                3.9590869052027258, 
                -4.3129045972204496, 
                1.0
            ]
        ], 
        [
            [
                1.5216188996617392, 
                3.5697879766716967, 
                -1.8553327184450774, 
                1.0
            ]
        ], 
        [
            [
                -2.0976252157779394, 
                3.6439539878082163, 
                -4.6986550204215041, 
                1.0
            ]
        ], 
        [
            [
                0.1292674006985674, 
                2.4475394336664293, 
                -3.1070288912358373, 
                1.0
            ]
        ], 
        [
            [
                -0.5638779556805068, 
                2.7953442679154397, 
                -3.2498200025276200, 
                1.0
            ]
        ], 
        [
            [
                -0.17590747376012861, 
                2.4365783420210070, 
                -3.6344137506372847, 
                1.0
            ]
        ], 
        [
            [
                -0.30057787026546573, 
                2.3930033935694519, 
                -3.7247982837733176, 
                1.0
            ]
        ], 
        [
            [
                -0.25412814999325017, 
                4.3678286321160673, 
                -3.2468176025666051, 
