{
    "degreeU": 5, 
    "knotsV": [
        -2.0, 
        -2.0, 
        -2.0, 
        -2.0, 
        -2.0, 
        26.0, 
        54.0, 
        82.0, 
        110.0, 
        138.0, 
        138.0, 
        138.0, 
        138.0, 
        138.0
    ], 
    "knotsU": [
        0.0, 
        0.0, 
        0.0, 
        0.0, 
        0.0, 
        44.0, 
        88.0, 
        132.0, 
        176.0, 
        220.0, 
        220.0, 
        220.0, 
        220.0, 
        220.0
    ], 
    "controlPoints": [
        [
            [
                -13.696404965510526, 
                20.714567072299165, 
                -0.012684956011860232, 
                1.0
            ]
        ], 
        [
            [
                -13.716204357271200, 
                20.694830702202818, 
                0.19627707667582453, 
                1.0
            ]
        ], 
        [
            [
                -13.774073302141867, 
                20.452985255652933, 
                0.57453609051839305, 
                1.0
            ]
        ], 
        [
            [
                -13.794806852769355, 
                20.213798450785909, 
                0.56822746467990148, 
                1.0
            ]
        ], 
        [
            [
                -13.890084235506427, 
                20.268750419083062, 
                0.50282291588847627, 
                1.0
            ]
        ], 
        [
            [
                -13.929649616464999, 
                20.101665399696959, 
                0.28007178537667909, 
                1.0
            ]
        ], 
        [
            [
                -13.984045617360195, 
                20.350479328684560, 
                0.042898199042587411, 
                1.0
            ]
        ], 
        [
            [
                -13.459894260732730, 
                20.051167895513217, 
                -0.46278080667613025, 
                1.0
            ]
        ], 
        [
            [
                -13.484512340521322, 
                19.891933186154947, 
                -0.4079430877920231, 
                1.0
            ]
        ], 
        [
            [
                -13.498104594877645, 
                19.897042444196995, 
                -0.41056158175647384, 
                1.0
            ]
        ], 
        [
            [
                -13.750847786916546, 
                20.772768290367097, 
                0.15089556464127427, 
                1.0
            ]
        ], 
        [
            [
                -13.782227930060834, 
                20.667054529315415, 
                0.25302115734850156, 
                1.0
            ]
        ], 
        [
            [
                -13.811109690445498, 
                20.510751799198697, 
                0.440603206655863, 
                1.0
            ]
        ], 
        [
            [
                -13.845016760507548, 
                20.286577929652069, 
                0.55433213068823606, 
                1.0
            ]
        ], 
        [
            [
                -13.905797871028133, 
                20.259704750489377, 
                0.44908101670002148, 
                1.0
            ]
        ], 
        [
            [
                -13.948675701453240, 
                20.172407342992724, 
                0.26651385337674871, 
                1.0
            ]
        ], 
        [
            [
                -13.907872311518791, 
                20.304581214805712, 
                -0.020694341920190214, 
                1.0
            ]
        ], 
        [
            [
                -13.548862285207942, 
                20.081687949713114, 
                -0.39478906593110863, 
                1.0
            ]
        ], 
        [
            [
                -13.544398854494585, 
                19.955403608751368, 
                -0.38603576813757529, 
                1.0
            ]
        ], 
        [
            [
                -13.509545529201734, 
                19.892197513875477, 
                -0.41248109452836323, 
                1.0
            ]
        ], 
        [
            [
                -14.009001413048409, 
                20.421282160059167, 
                0.8324302516935419, 
                1.0
            ]
        ], 
        [
            [
                -14.003171966054060, 
                20.445435339405126, 
                0.69424368819022586, 
                1.0
            ]
        ], 
        [
            [
                -14.011056867872792, 
                20.418561949628785, 
                0.4975169807497154, 
                1.0
            ]
        ], 
        [
            [
                -14.015085872572623, 
                20.382939850247787, 
                0.40238015275770772, 
                1.0
            ]
        ], 
        [
            [
                -14.017139804648666, 
                20.284939364220925, 
                0.331633600379593, 
                1.0
            ]
        ], 
        [
            [
                -13.993388370868775, 
                20.269419560385462, 
                0.14209912832592855, 
                1.0
            ]
        ], 
        [
            [
                -13.889813335896797, 
                20.190756416919548, 
                -0.072394457739424711, 
                1.0
            ]
        ], 
        [
            [
                -13.823043266779260, 
                20.160742175926178, 
                -0.22364621523040248, 
                1.0
            ]
        ], 
        [
            [
                -13.671333806899717, 
                20.032924175127011, 
                -0.36198988258744214, 
                1.0
            ]
        ], 
        [
            [
                -13.615119661852109, 
                19.971296229394433, 
                -0.40522161384326189, 
                1.0
            ]
        ], 
        [
            [
                -14.092464269610065, 
                20.178669799051040, 
                0.65302656037218598, 
                1.0
            ]
        ], 
        [
            [
                -14.120199546219913, 
                20.199522912867913, 
                0.65736508257501636, 
                1.0
            ]
        ], 
        [
            [
                -14.147453459755649, 
                20.252775006199066, 
                0.6165617320293495, 
                1.0
            ]
        ], 
        [
            [
                -14.158477706897907, 
                20.235552733513170, 
                0.47670952246374632, 
                1.0
            ]
        ], 
        [
            [
                -14.150312158546280, 
                20.227022437131371, 
                0.31053665452532025, 
                1.0
            ]
        ], 
        [
            [
                -14.114795597063335, 
                20.152350333189148, 
                0.14280074874719004, 
                1.0
            ]
        ], 
        [
            [
                -14.077773429062381, 
                20.143932121783337, 
                0.00090313239291974737, 
                1.0
            ]
        ], 
        [
            [
                -13.963197303350645, 
                20.052436628843282, 
                -0.14861846339797957, 
                1.0
            ]
        ], 
        [
            [
                -13.957135036314082, 
                20.049082042272705, 
                -0.18924961115190822, 
                1.0
            ]
        ], 
        [
            [
                -13.944944084590439, 
                20.056870855672489, 
                -0.22199531676661494, 
                1.0
            ]
        ], 
        [
            [
                -14.303019776554212, 
                20.099532032656835, 
                0.75983953216924438, 
