{
    "knotsU": [
        0.0, 
        0.0, 
        0.0, 
        0.0, 
        6.2936542786717213, 
        12.587308557343443, 
        18.880962836015165, 
        25.174617114686889, 
        31.468271393358609, 
        37.761925672030330, 
        37.761925672030330, 
        37.761925672030330, 
        37.761925672030330
    ], 
    "knotsV": [
        0.0, 
        0.0, 
        0.0, 
        0.0, 
        4.6157365929505021, 
        9.2314731859010042, 
        13.847209778851507, 
        18.462946371802012, 
        23.078682964752513, 
        27.694419557703014, 
        27.694419557703014, 
        27.694419557703014, 
        27.694419557703014
    ], 
    "controlPoints": [
        [
            [
                10.122208758871388, 
                9.4273214565383103, 
                0.0, 
                1.0
            ]
        ], 
        [
            [
                9.3214957273324419, 
                8.9042642909303300, 
                0.0, 
                1.0
            ]
        ], 
        [
            [
                7.7574367444241261, 
                7.7695921211496417, 
                0.0, 
                1.0
            ]
        ], 
        [
            [
                5.6498761218729481, 
                5.8492056539238471, 
                0.0, 
                1.0
            ]
        ], 
        [
            [
                3.6325847186570885, 
                2.3192846496717214, 
                0.0, 
                1.0
            ]
        ], 
        [
            [
                4.4539445628192507, 
                -1.7490230064128640, 
                0.0, 
                1.0
            ]
        ], 
        [
            [
                7.0957412361461030, 
                -4.6349344932097276, 
                0.0, 
                1.0
            ]
        ], 
        [
            [
                9.4157277619296078, 
                -6.3301060939650613, 
                0.0, 
                1.0
            ]
        ], 
        [
            [
                11.074870242845213, 
                -7.3029486576069491, 
                0.0, 
                1.0
            ]
        ], 
        [
            [
                11.915458792137253, 
                -7.7618664914468427, 
                0.0, 
                1.0
            ]
        ], 
        [
            [
                10.122191866667103, 
                9.4273216788041587, 
                -1.3089851161704948, 
                1.0
            ]
        ], 
        [
            [
                9.3214801758672063, 
                8.9042644955548749, 
                -1.2050905981917779, 
                1.0
            ]
        ], 
        [
            [
                7.7574238093577916, 
                7.7695922913478768, 
                -1.0023445723872118, 
                1.0
            ]
        ], 
        [
            [
                5.6498667036908454, 
                5.849205777847299, 
                -0.72981950759333603, 
                1.0
            ]
        ], 
        [
            [
                3.6325786291304234, 
                2.3192847297970745, 
                -0.47188037914990449, 
                1.0
            ]
        ], 
        [
            [
                4.4539369956482533, 
                -1.7490229068448246, 
                -0.58638375676335974, 
                1.0
            ]
        ], 
        [
            [
                7.0957291429834601, 
                -4.6349343340891700, 
                -0.93710504840003206, 
                1.0
            ]
        ], 
        [
            [
                9.4157117127578420, 
                -6.3301058827917442, 
                -1.2436581174970236, 
                1.0
            ]
        ], 
        [
            [
                11.074851369848068, 
                -7.3029484092780459, 
                -1.4624777174929784, 
                1.0
            ]
        ], 
        [
            [
                11.915438489230967, 
                -7.7618662243033389, 
                -1.5732820716012585, 
                1.0
            ]
        ], 
        [
            [
                9.6653214513134778, 
                9.4333331316377489, 
                -3.9281048846074436, 
                1.0
            ]
        ], 
        [
            [
                8.9008716942784964, 
                8.9097988176810397, 
                -3.6163300916670229, 
                1.0
            ]
        ], 
        [
            [
                7.4075790514176241, 
                7.7741955118470720, 
                -3.0079139649599487, 
                1.0
            ]
        ], 
        [
            [
                5.3951403989771247, 
                5.8525574397514397, 
                -2.1900994421129791, 
                1.0
            ]
        ], 
        [
            [
                3.4678799002020573, 
                2.3214518183355906, 
                -1.4160555375235595, 
                1.0
            ]
        ], 
        [
            [
                4.2492735604421599, 
                -1.7463299669078918, 
                -1.7596662259501215, 
                1.0
            ]
        ], 
        [
            [
                6.7686547038599389, 
                -4.6306307230480828, 
                -2.8121381003777661, 
                1.0
            ]
        ], 
        [
            [
                8.9816421471992491, 
                -6.3243944411396482, 
                -3.7320665191470739, 
                1.0
            ]
        ], 
        [
            [
                10.564407978259934, 
                -7.2962320488624108, 
                -4.3887174840615026, 
                1.0
            ]
        ], 
        [
            [
                11.366321448371304, 
                -7.7546410000815023, 
                -4.7212278535314285, 
                1.0
            ]
        ], 
        [
            [
                7.6099125872556161, 
                9.4603779851122098, 
                -7.4880001558173532, 
                1.0
            ]
        ], 
        [
            [
                7.0086012116601850, 
                8.9346971135049600, 
                -6.8936754708360573, 
                1.0
            ]
        ], 
        [
            [
                5.8336666413573122, 
                7.7949048856636987, 
                -5.7338744508998110, 
                1.0
            ]
        ], 
        [
            [
                4.2491552639755552, 
                5.8676361915277413, 
                -4.1749050612319119, 
                1.0
            ]
        ], 
        [
            [
                2.7269187524410992, 
                2.3312013071219453, 
                -2.6993739722105459, 
                1.0
            ]
        ], 
        [
            [
                3.3285156721347597, 
                -1.7342147315354470, 
                -3.3543862399737834, 
                1.0
            ]
        ], 
        [
            [
                5.2971834096180226, 
                -4.6112692586501325, 
                -5.3606742061097012, 
                1.0
            ]
        ], 
        [
            [
                7.0288117544142912, 
                -6.2986993043924988, 
                -7.1142995153722239, 
                1.0
            ]
        ], 
        [
            [
                8.2679802902077189, 
                -7.2660158950722398, 
                -8.3660488123078540, 
                1.0
            ]
        ], 
        [
            [
                8.8959053407435782, 
                -7.7221355249811365, 
                -8.9999009551460993, 
                1.0
            ]
        ], 
        [
            [
                2.8629540152350108, 
                9.5228379663229994, 
                -10.229131366327463, 
